<?xml version='1.0' encoding='UTF-8'?>
<odoo>
  <record id="studio_customization.asset_kategorie_4ffc2d5d-23d0-4780-ab07-5808ca7e2af8" model="ir.model" context="{'studio': True}">
    <field name="info"> Main super-class for regular database-persisted Odoo models.

    Odoo models are created by inheriting from this class::

        class user(Model):
            ...

    The system will later instantiate the class once per database (on
    which the class' module is installed).
    </field>
    <field name="is_mail_thread" eval="False"/>
    <field name="is_mail_activity" eval="False"/>
    <field name="model">x_asset_kategorie</field>
    <field name="name">Asset-Kategorie</field>
    <field name="state">manual</field>
    <field name="transient" eval="False"/>
  </record>
  <record id="studio_customization.assets_97938dc1-cbf4-4811-b4ad-69810ea5f0ae" model="ir.model" context="{'studio': True}">
    <field name="info"> Main super-class for regular database-persisted Odoo models.

    Odoo models are created by inheriting from this class::

        class user(Model):
            ...

    The system will later instantiate the class once per database (on
    which the class' module is installed).
    </field>
    <field name="is_mail_thread" eval="True"/>
    <field name="is_mail_activity" eval="True"/>
    <field name="model">x_assets</field>
    <field name="name">Assets</field>
    <field name="state">manual</field>
    <field name="transient" eval="False"/>
  </record>
  <record id="studio_customization.assets_tags_8107fc7c-bb4e-45d7-9412-329ddac935ec" model="ir.model" context="{'studio': True}">
    <field name="info"> Main super-class for regular database-persisted Odoo models.

    Odoo models are created by inheriting from this class::

        class user(Model):
            ...

    The system will later instantiate the class once per database (on
    which the class' module is installed).
    </field>
    <field name="is_mail_thread" eval="False"/>
    <field name="is_mail_activity" eval="False"/>
    <field name="model">x_assets_tag</field>
    <field name="name">Assets Tags</field>
    <field name="state">manual</field>
    <field name="transient" eval="False"/>
  </record>
  <record id="studio_customization.asset_unterkategorie_bb9a4692-cebb-4271-b62b-380adcb0287b" model="ir.model" context="{'studio': True}">
    <field name="info"> Main super-class for regular database-persisted Odoo models.

    Odoo models are created by inheriting from this class::

        class user(Model):
            ...

    The system will later instantiate the class once per database (on
    which the class' module is installed).
    </field>
    <field name="is_mail_thread" eval="False"/>
    <field name="is_mail_activity" eval="False"/>
    <field name="model">x_asset_unterkategorie</field>
    <field name="name">Asset-Unterkategorie</field>
    <field name="state">manual</field>
    <field name="transient" eval="False"/>
  </record>
  <record id="studio_customization.bestatigungen_mitarb_7b212f1c-0da7-462d-9a21-2d48926cec33" model="ir.model" context="{'studio': True}">
    <field name="info"> Main super-class for regular database-persisted Odoo models.

    Odoo models are created by inheriting from this class::

        class user(Model):
            ...

    The system will later instantiate the class once per database (on
    which the class' module is installed).
    </field>
    <field name="is_mail_thread" eval="False"/>
    <field name="is_mail_activity" eval="False"/>
    <field name="model">x_bestatigungen_mitarb</field>
    <field name="name">Bestätigungen Mitarbeitende</field>
    <field name="state">manual</field>
    <field name="transient" eval="False"/>
  </record>
  <record id="studio_customization.bestatigungen_mitarb_a0d6d609-a9fe-4188-ade2-9898ed40f5dc" model="ir.model" context="{'studio': True}">
    <field name="info"> Main super-class for regular database-persisted Odoo models.

    Odoo models are created by inheriting from this class::

        class user(Model):
            ...

    The system will later instantiate the class once per database (on
    which the class' module is installed).
    </field>
    <field name="is_mail_thread" eval="False"/>
    <field name="is_mail_activity" eval="False"/>
    <field name="model">x_bestatigungen_mitarb_tag</field>
    <field name="name">Bestätigungen Mitarbeitende Tags</field>
    <field name="state">manual</field>
    <field name="transient" eval="False"/>
  </record>
  <record id="studio_customization.betriebssysteme_f454f114-b7f9-42b6-bb5a-2a7664e52d60" model="ir.model" context="{'studio': True}">
    <field name="info"> Main super-class for regular database-persisted Odoo models.

    Odoo models are created by inheriting from this class::

        class user(Model):
            ...

    The system will later instantiate the class once per database (on
    which the class' module is installed).
    </field>
    <field name="is_mail_thread" eval="False"/>
    <field name="is_mail_activity" eval="False"/>
    <field name="model">x_betriebssysteme</field>
    <field name="name">Betriebssysteme</field>
    <field name="state">manual</field>
    <field name="transient" eval="False"/>
  </record>
  <record id="studio_customization.produktfamilie_it_su_5ed915d4-52b1-48ac-8fd1-50f081f7ad24" model="ir.model" context="{'studio': True}">
    <field name="info"> Main super-class for regular database-persisted Odoo models.

    Odoo models are created by inheriting from this class::

        class user(Model):
            ...

    The system will later instantiate the class once per database (on
    which the class' module is installed).
    </field>
    <field name="is_mail_thread" eval="False"/>
    <field name="is_mail_activity" eval="False"/>
    <field name="model">x_produktfamilie_it_su</field>
    <field name="name">Produktfamilie IT-Support</field>
    <field name="state">manual</field>
    <field name="transient" eval="False"/>
  </record>
  <record id="studio_customization.produktfamilie_kateg_ba7c3534-eecb-4422-bf50-88abfaf099f6" model="ir.model" context="{'studio': True}">
    <field name="info"> Main super-class for regular database-persisted Odoo models.

    Odoo models are created by inheriting from this class::

        class user(Model):
            ...

    The system will later instantiate the class once per database (on
    which the class' module is installed).
    </field>
    <field name="is_mail_thread" eval="False"/>
    <field name="is_mail_activity" eval="False"/>
    <field name="model">x_produktfamilie_kateg</field>
    <field name="name">Produktfamilie Kategorie IT-Support</field>
    <field name="state">manual</field>
    <field name="transient" eval="False"/>
  </record>
  <record id="studio_customization.raume_b5820add-0d90-4b39-9497-c360b2f177f0" model="ir.model" context="{'studio': True}">
    <field name="info"> Main super-class for regular database-persisted Odoo models.

    Odoo models are created by inheriting from this class::

        class user(Model):
            ...

    The system will later instantiate the class once per database (on
    which the class' module is installed).
    </field>
    <field name="is_mail_thread" eval="False"/>
    <field name="is_mail_activity" eval="False"/>
    <field name="model">x_raume</field>
    <field name="name">Räume</field>
    <field name="state">manual</field>
    <field name="transient" eval="False"/>
  </record>
  <record id="studio_customization.vm_hostserver_17125ed6-0a3f-4112-b780-5ff3179991c7" model="ir.model" context="{'studio': True}">
    <field name="info"> Main super-class for regular database-persisted Odoo models.

    Odoo models are created by inheriting from this class::

        class user(Model):
            ...

    The system will later instantiate the class once per database (on
    which the class' module is installed).
    </field>
    <field name="is_mail_thread" eval="False"/>
    <field name="is_mail_activity" eval="False"/>
    <field name="model">x_vm_hostserver</field>
    <field name="name">VM-Hostserver</field>
    <field name="state">manual</field>
    <field name="transient" eval="False"/>
  </record>
  <record id="studio_customization.weisungen_und_reglem_5dab4871-98a8-48c8-944f-006479ce83c1" model="ir.model" context="{'studio': True}">
    <field name="info"> Main super-class for regular database-persisted Odoo models.

    Odoo models are created by inheriting from this class::

        class user(Model):
            ...

    The system will later instantiate the class once per database (on
    which the class' module is installed).
    </field>
    <field name="is_mail_thread" eval="False"/>
    <field name="is_mail_activity" eval="False"/>
    <field name="model">x_weisungen_und_reglem_tag</field>
    <field name="name">Weisungen und Reglemente Tags</field>
    <field name="state">manual</field>
    <field name="transient" eval="False"/>
  </record>
  <record id="studio_customization.weisungen_und_reglem_e7807f79-2539-436e-a7fc-52470b2261fd" model="ir.model" context="{'studio': True}">
    <field name="info"> Main super-class for regular database-persisted Odoo models.

    Odoo models are created by inheriting from this class::

        class user(Model):
            ...

    The system will later instantiate the class once per database (on
    which the class' module is installed).
    </field>
    <field name="is_mail_thread" eval="False"/>
    <field name="is_mail_activity" eval="False"/>
    <field name="model">x_weisungen_und_reglem</field>
    <field name="name">Weisungen und Reglemente</field>
    <field name="state">manual</field>
    <field name="transient" eval="False"/>
  </record>
</odoo>
