<?xml version='1.0' encoding='UTF-8'?>
<odoo>
  <record id="project.mail_template_data_project_task" model="mail.template" context="{'studio': True}">
    <field name="auto_delete" eval="True"/>
    <field name="body_html">&lt;div&gt;
    Hallo &lt;t t-out="object.partner_id.name or 'customer'" data-oe-t-inline="true"&gt;Brandon Freeman&lt;/t&gt;,&lt;br&gt;
    Danke für Ihre Anfrage.&lt;br&gt;
    Sollten Sie Fragen haben, lassen Sie es uns bitte wissen.
    &lt;br&gt;&lt;br&gt;
    Vielen Dank,
    &lt;t t-if="user.signature" data-oe-t-group-active="true"&gt;
        &lt;br&gt;
        &lt;t t-out="user.signature or ''"&gt;--&lt;br&gt;Mitchell Admin&lt;/t&gt;
    &lt;/t&gt;
&lt;/div&gt;
        </field>
    <field name="email_cc" eval="False"/>
    <field name="email_from" eval="False"/>
    <field name="email_to" eval="False"/>
    <field name="lang">{{ object.partner_id.lang }}</field>
    <field name="model_id" ref="project.model_project_task"/>
    <field name="name">Task: Reception Acknowledgment</field>
    <field name="partner_to" eval="False"/>
    <field name="ref_ir_act_window" ref="studio_customization.mail_aufgabe_empfang_cfde8890-cac1-46e5-8b4b-d10ec5206a21"/>
    <field name="reply_to" eval="False"/>
    <field name="report_name" eval="False"/>
    <field name="report_template" eval="False"/>
    <field name="scheduled_date" eval="False"/>
    <field name="subject">Reception of {{ object.name }}</field>
    <field name="use_default_to" eval="True"/>
  </record>
</odoo>
